{
    "normB": [
        1.338535185468892e-12,
        0.054027095437049866
    ],
    "normF": [
        12.017250061035156,
        0.6151134371757507
    ],
    "normT": [
        58.734222412109375,
        24.082183837890625
    ],
    "normH_dc": [
        13.533191680908203,
        12.010310173034668
    ],
    "normP": [
        10.518640518188477,
        1.7409812211990356
    ],
    "normBm": [
        0.06490041315555573,
        0.05223105475306511
    ]
}