{
    "normB": [
        1.202559915796514e-13,
        0.05148030072450638
    ],
    "normF": [
        11.959402084350586,
        0.6185204982757568
    ],
    "normT": [
        58.5985221862793,
        24.099449157714844
    ],
    "normH_dc": [
        16.291885375976562,
        14.151660919189453
    ],
    "normP": [
        11.306771278381348,
        1.8356910943984985
    ],
    "normBm": [
        0.0582062192261219,
        0.053962599486112595
    ]
}