{
    "normB": [
        9.731624143680118e-13,
        0.059033770114183426
    ],
    "normF": [
        12.116171836853027,
        0.6084423661231995
    ],
    "normT": [
        58.735530853271484,
        24.080358505249023
    ],
    "normH_dc": [
        15.870771408081055,
        14.3731107711792
    ],
    "normP": [
        10.883938789367676,
        1.6477611064910889
    ],
    "normBm": [
        0.0709407851099968,
        0.05624469742178917
    ]
}