{
    "normB": [
        1.1638469051347688e-12,
        0.060871001332998276
    ],
    "normF": [
        12.02628231048584,
        0.613711953163147
    ],
    "normT": [
        58.68455505371094,
        24.070842742919922
    ],
    "normH_dc": [
        15.583563804626465,
        14.204923629760742
    ],
    "normP": [
        10.535279273986816,
        1.8400228023529053
    ],
    "normBm": [
        0.07062765210866928,
        0.06223846599459648
    ]
}