{
    "normB": [
        0.0,
        0.0706016793847084
    ],
    "normF": [
        12.301739692687988,
        0.6163672208786011
    ],
    "normT": [
        58.68315887451172,
        24.063058853149414
    ],
    "normH_dc": [
        0.0,
        1.0
    ],
    "normP": [
        12.63965129852295,
        1.2733511924743652
    ],
    "normBm": [
        0.09216230362653732,
        0.05381379276514053
    ]
}