{
    "normB": [
        -5.327856211767568e-13,
        0.04155677184462547
    ],
    "normF": [
        12.007433891296387,
        0.6716668009757996
    ],
    "normT": [
        58.738433837890625,
        24.064420700073242
    ],
    "normH_dc": [
        54.666622161865234,
        37.521766662597656
    ],
    "normP": [
        10.262866020202637,
        1.7795823812484741
    ],
    "normBm": [
        0.049619484692811966,
        0.04161376878619194
    ]
}