{
    "normB": [
        -9.236867997905462e-13,
        0.059900540858507156
    ],
    "normF": [
        12.14547348022461,
        0.6591810584068298
    ],
    "normT": [
        58.73099136352539,
        24.08185386657715
    ],
    "normH_dc": [
        13.425516128540039,
        12.019094467163086
    ],
    "normP": [
        11.122937202453613,
        1.741776704788208
    ],
    "normBm": [
        0.06969960033893585,
        0.05989312753081322
    ]
}