{
    "normB": [
        -1.6943640501060342e-12,
        0.05852372571825981
    ],
    "normF": [
        12.150527000427246,
        0.6591147780418396
    ],
    "normT": [
        58.745296478271484,
        24.0754451751709
    ],
    "normH_dc": [
        9.686582565307617,
        10.210779190063477
    ],
    "normP": [
        10.694113731384277,
        1.789888620376587
    ],
    "normBm": [
        0.06559310108423233,
        0.06125772371888161
    ]
}