{
    "normB": [
        3.2774862468096244e-13,
        0.06469308584928513
    ],
    "normF": [
        12.121931076049805,
        0.5834823846817017
    ],
    "normT": [
        57.61698532104492,
        23.865266799926758
    ],
    "normH_dc": [
        33.48781967163086,
        25.969497680664062
    ],
    "normP": [
        10.859231948852539,
        2.1157541275024414
    ],
    "normBm": [
        0.07797759771347046,
        0.061976294964551926
    ]
}