{
    "normB": [
        -1.3377577040910027e-12,
        0.041099440306425095
    ],
    "normF": [
        12.184076309204102,
        0.5743696689605713
    ],
    "normT": [
        58.39920425415039,
        24.123140335083008
    ],
    "normH_dc": [
        29.504222869873047,
        24.279104232788086
    ],
    "normP": [
        10.783851623535156,
        2.058502435684204
    ],
    "normBm": [
        0.0522211417555809,
        0.0353868305683136
    ]
}