{
    "normB": [
        1.4165254256029436e-12,
        0.05532070994377136
    ],
    "normF": [
        12.18014144897461,
        0.6541613936424255
    ],
    "normT": [
        58.75510025024414,
        24.080528259277344
    ],
    "normH_dc": [
        23.730785369873047,
        19.133264541625977
    ],
    "normP": [
        11.114386558532715,
        1.7104249000549316
    ],
    "normBm": [
        0.064195416867733,
        0.055489636957645416
    ]
}