{
    "normB": [
        1.7607807573094547e-12,
        0.055871300399303436
    ],
    "normF": [
        12.312888145446777,
        0.624045193195343
    ],
    "normT": [
        58.71612548828125,
        24.06600570678711
    ],
    "normH_dc": [
        5.548981189727783,
        7.242043972015381
    ],
    "normP": [
        11.98169994354248,
        1.4726048707962036
    ],
    "normBm": [
        0.06914305686950684,
        0.04886539652943611
    ]
}