{
    "normB": [
        -1.1831407164750174e-12,
        0.0642961636185646
    ],
    "normF": [
        12.212871551513672,
        0.6503468155860901
    ],
    "normT": [
        58.6767463684082,
        24.09905433654785
    ],
    "normH_dc": [
        31.646177291870117,
        24.181093215942383
    ],
    "normP": [
        11.243119239807129,
        1.9219757318496704
    ],
    "normBm": [
        0.07860300689935684,
        0.05844681337475777
    ]
}