{
    "normB": [
        3.3291932036681737e-13,
        0.04846680164337158
    ],
    "normF": [
        11.995271682739258,
        0.6110547184944153
    ],
    "normT": [
        58.7746696472168,
        24.069595336914062
    ],
    "normH_dc": [
        20.79141616821289,
        16.847387313842773
    ],
    "normP": [
        10.710917472839355,
        1.6927437782287598
    ],
    "normBm": [
        0.05759254842996597,
        0.04830300435423851
    ]
}