{
    "normB": [
        6.401667390631971e-13,
        0.05109596624970436
    ],
    "normF": [
        12.196913719177246,
        0.6499351263046265
    ],
    "normT": [
        57.186492919921875,
        24.832956314086914
    ],
    "normH_dc": [
        10.722387313842773,
        11.065580368041992
    ],
    "normP": [
        11.359143257141113,
        1.5927482843399048
    ],
    "normBm": [
        0.06034516170620918,
        0.049894243478775024
    ]
}