{
    "normB": [
        4.684863608162004e-10,
        0.06561093777418137
    ],
    "normT": [
        58.6049919128418,
        24.05774688720703
    ],
    "normF": [
        11.970568656921387,
        0.6182491779327393
    ],
    "normP": [
        10.623392105102539,
        1.832929253578186
    ]
}