{
    "normB": [
        -3.808223181245296e-10,
        0.07443836331367493
    ],
    "normT": [
        58.71281433105469,
        24.07724380493164
    ],
    "normF": [
        12.037149429321289,
        0.6179032921791077
    ],
    "normP": [
        11.128166198730469,
        1.751325011253357
    ]
}