{
    "normB": [
        -6.815853992314658e-10,
        0.07042616605758667
    ],
    "normT": [
        58.65780258178711,
        24.05689811706543
    ],
    "normF": [
        12.302872657775879,
        0.6141600608825684
    ],
    "normP": [
        12.633840560913086,
        1.2738075256347656
    ]
}