{
    "normB": [
        -6.537986818599961e-10,
        0.0598892979323864
    ],
    "normT": [
        57.652347564697266,
        24.3841495513916
    ],
    "normF": [
        11.84445858001709,
        0.7005203366279602
    ],
    "normP": [
        11.061415672302246,
        1.670492172241211
    ]
}