{
    "normB": [
        1.6666799884657024e-10,
        0.07478217780590057
    ],
    "normT": [
        58.747379302978516,
        24.067724227905273
    ],
    "normF": [
        12.081177711486816,
        0.6662834286689758
    ],
    "normP": [
        11.151251792907715,
        1.8409957885742188
    ]
}