{
    "normB": [
        -1.173237285101436e-09,
        0.07224245369434357
    ],
    "normT": [
        58.743408203125,
        24.069520950317383
    ],
    "normF": [
        12.061190605163574,
        0.6677290797233582
    ],
    "normP": [
        10.957655906677246,
        1.8610659837722778
    ]
}