{
    "normB": [
        -2.1758101986790734e-09,
        0.07489511370658875
    ],
    "normT": [
        58.73551940917969,
        24.077592849731445
    ],
    "normF": [
        12.080496788024902,
        0.6676958799362183
    ],
    "normP": [
        11.271597862243652,
        1.8412269353866577
    ]
}