{
    "normB": [
        -2.1244693504396395e-10,
        0.06560447067022324
    ],
    "normT": [
        58.646690368652344,
        24.062938690185547
    ],
    "normF": [
        12.244839668273926,
        0.6423632502555847
    ],
    "normP": [
        12.255447387695312,
        1.5235135555267334
    ]
}