{
    "normB": [
        1.3303989021551388e-09,
        0.08944793045520782
    ],
    "normT": [
        59.47163391113281,
        24.436264038085938
    ],
    "normF": [
        12.101126670837402,
        0.6916972994804382
    ],
    "normP": [
        11.991787910461426,
        1.785698413848877
    ]
}