{
    "normB": [
        -5.63526281194271e-10,
        0.06052062287926674
    ],
    "normT": [
        58.74076843261719,
        24.06734848022461
    ],
    "normF": [
        11.93118667602539,
        0.6179037690162659
    ],
    "normP": [
        10.687765121459961,
        1.8198438882827759
    ]
}